,Year,Gold,Silver,Bronze,Category,Sports
0,1951,IND,JPN,JPN,Men,100 m
1,1954,PAK,PHI,IND,Men,100 m
2,1958,PAK,JPN,PHI,Men,100 m
3,1962,INA,MAL,PHI,Men,100 m
4,1966,MAL,SIN,JPN,Men,100 m
5,1970,JPN,THA,SIN,Men,100 m
6,1974,THA,JPN,THA,Men,100 m
7,1978,THA,IND,KOR,Men,100 m
8,1982,MAL,KOR,THA,Men,100 m
9,1986,QAT,JPN,CHN,Men,100 m
10,1990,QAT,CHN,SRI,Men,100 m
11,1994,QAT,KAZ,CHN,Men,100 m
12,1998,JPN,THA,JPN,Men,100 m
13,2002,KSA,JPN,CHN,Men,100 m
14,2006,KSA,JPN,THA,Men,100 m
15,2010,CHN,KSA,OMA,Men,100 m
16,2014,QAT,CHN,JPN,Men,100 m
17,2018,CHN,QAT,JPN,Men,100 m
18,1951,IND,IND,JPN,Men,200 m
19,1954,PAK,PAK,HKG,Men,200 m
20,1958,IND,PAK,PHI,Men,200 m
21,1962,MAL,JPN,INA,Men,200 m
22,1966,MAL,IND,MAL,Men,200 m
23,1970,THA,JPN,SIN,Men,200 m
24,1974,THA,JPN,PAK,Men,200 m
25,1978,IND,JPN,THA,Men,200 m
26,1982,KOR,JPN,MAL,Men,200 m
27,1986,KOR,CHN,JPN,Men,200 m
28,1990,JPN,SRI,CHN,Men,200 m
29,1994,QAT,JPN,QAT,Men,200 m
30,1998,JPN,CHN,SRI,Men,200 m
31,2002,JPN,KAZ,CHN,Men,200 m
32,2006,JPN,CHN,JPN,Men,200 m
33,2010,QAT,JPN,UAE,Men,200 m
34,2014,QAT,KSA,KOR,Men,200 m
35,2018,JPN,TPE,BRN,Men,200 m
36,1951,JPN,IND,IND,Men,400 m
37,1954,JPN,IND,ROC,Men,400 m
38,1958,IND,PHI,MAL,Men,400 m
39,1962,IND,IND,JPN,Men,400 m
40,1966,IND,JPN,JPN,Men,400 m
41,1970,JPN,CEY,IND,Men,400 m
42,1974,SRI,IRN,JPN,Men,400 m
43,1978,IRQ,IND,IND,Men,400 m
44,1982,JPN,IND,CHN,Men,400 m
45,1986,JPN,PHI,OMA,Men,400 m
46,1990,OMA,QAT,JPN,Men,400 m
47,1994,QAT,KOR,THA,Men,400 m
48,1998,SRI,QAT,IND,Men,400 m
49,2002,KUW,KSA,SRI,Men,400 m
50,2006,KSA,BRN,KUW,Men,400 m
51,2010,QAT,JPN,KSA,Men,400 m
52,2014,KSA,BRN,IND,Men,400 m
53,2018,QAT,IND,BRN,Men,400 m
54,1951,IND,IND,JPN,Men,800 m
55,1954,JPN,IND,JPN,Men,800 m
56,1958,JPN,IRN,KOR,Men,800 m
57,1962,JPN,IND,IND,Men,800 m
58,1966,IND,MAL,JPN,Men,800 m
59,1970,BIR,IND,JPN,Men,800 m
60,1974,IND,IRN,PAK,Men,800 m
61,1978,IND,IRQ,JPN,Men,800 m
62,1982,IND,KOR,IRQ,Men,800 m
63,1986,KOR,KOR,KUW,Men,800 m
64,1990,KOR,KOR,PAK,Men,800 m
65,1994,KOR,CHN,KOR,Men,800 m
66,1998,KOR,KOR,QAT,Men,800 m
67,2002,BRN,IND,CHN,Men,800 m
68,2006,BRN,KUW,IRI,Men,800 m
69,2010,IRI,IRQ,QAT,Men,800 m
70,2014,IRQ,CHN,QAT,Men,800 m
71,2018,IND,IND,QAT,Men,800 m
72,1951,IND,JPN,JPN,Men,1500 m
73,1954,KOR,JPN,JPN,Men,1500 m
74,1958,IRN,JPN,KOR,Men,1500 m
75,1962,IND,IND,JPN,Men,1500 m
76,1966,JPN,MAL,JPN,Men,1500 m
77,1970,JPN,PAK,BIR,Men,1500 m
78,1974,PAK,JPN,KOR,Men,1500 m
79,1978,JPN,PAK,IND,Men,1500 m
80,1982,IRQ,JPN,IND,Men,1500 m
81,1986,JPN,KOR,QAT,Men,1500 m
82,1990,QAT,KOR,JPN,Men,1500 m
83,1994,QAT,CHN,JPN,Men,1500 m
84,1998,QAT,KOR,IND,Men,1500 m
85,2002,BRN,CHN,CHN,Men,1500 m
86,2006,QAT,BRN,BRN,Men,1500 m
87,2010,KSA,IRI,BRN,Men,1500 m
88,2014,QAT,BRN,IRQ,Men,1500 m
89,2018,IND,IRI,BRN,Men,1500 m
90,1951,IRN,IND,JPN,Men,5000 m
91,1954,JPN,KOR,IND,Men,5000 m
92,1958,JPN,KOR,IRN,Men,5000 m
93,1962,PAK,JPN,IND,Men,5000 m
94,1966,JPN,JPN,CEY,Men,5000 m
95,1970,CEY,IND,ISR,Men,5000 m
96,1974,IND,ISR,JPN,Men,5000 m
97,1978,IND,JPN,CHN,Men,5000 m
98,1982,JPN,CHN,IND,Men,5000 m
99,1986,KOR,JPN,JPN,Men,5000 m
100,1990,QAT,JPN,CHN,Men,5000 m
101,1994,JPN,QAT,CHN,Men,5000 m
102,1998,QAT,QAT,KOR,Men,5000 m
103,2002,KSA,BRN,QAT,Men,5000 m
104,2006,QAT,BRN,QAT,Men,5000 m
105,2010,BRN,QAT,QAT,Men,5000 m
106,2014,QAT,BRN,BRN,Men,5000 m
107,2018,BRN,BRN,KSA,Men,5000 m
108,1951,JPN,JPN,IND,Men,"10,000 m"
109,1954,KOR,JPN,ROC,Men,"10,000 m"
110,1958,JPN,PAK,IRN,Men,"10,000 m"
111,1962,IND,JPN,INA,Men,"10,000 m"
112,1966,JPN,JPN,CEY,Men,"10,000 m"
113,1970,CEY,JPN,KOR,Men,"10,000 m"
114,1974,JPN,IND,JPN,Men,"10,000 m"
115,1978,IND,BIR,BIR,Men,"10,000 m"
116,1982,CHN,JPN,KOR,Men,"10,000 m"
117,1986,JPN,KOR,JPN,Men,"10,000 m"
118,1990,JPN,KOR,CHN,Men,"10,000 m"
119,1994,JPN,JPN,KSA,Men,"10,000 m"
120,1998,JPN,QAT,IND,Men,"10,000 m"
121,2002,KSA,QAT,BRN,Men,"10,000 m"
122,2006,BRN,QAT,BRN,Men,"10,000 m"
123,2010,BRN,QAT,BRN,Men,"10,000 m"
124,2014,BRN,JPN,BRN,Men,"10,000 m"
125,2018,BRN,CHN,THA,Men,"10,000 m"
126,1951,SIN,JPN,SIN,Men,110 m hurdles
127,1954,IND,JPN,JPN,Men,110 m hurdles
128,1958,PAK,ROC,JPN,Men,110 m hurdles
129,1962,INA,PAK,JPN,Men,110 m hurdles
130,1966,PAK,JPN,MAL,Men,110 m hurdles
131,1970,JPN,ROC,THA,Men,110 m hurdles
132,1974,CHN,MAL,IRQ,Men,110 m hurdles
133,1978,CHN,JPN,IND,Men,110 m hurdles
134,1982,JPN,CHN,IND,Men,110 m hurdles
135,1986,CHN,CHN,KOR,Men,110 m hurdles
136,1990,CHN,JPN,JPN,Men,110 m hurdles
137,1994,CHN,CHN,MAS,Men,110 m hurdles
138,1998,CHN,KAZ,QAT,Men,110 m hurdles
139,2002,CHN,JPN,KOR,Men,110 m hurdles
140,2006,CHN,CHN,JPN,Men,110 m hurdles
141,2010,CHN,CHN,KOR,Men,110 m hurdles
142,2014,CHN,KOR,THA,Men,110 m hurdles
143,2018,CHN,TPE,JPN,Men,110 m hurdles
144,1951,JPN,IND,SIN,Men,400 m hurdles
145,1954,PAK,SIN,PHI,Men,400 m hurdles
146,1958,ROC,JPN,ROC,Men,400 m hurdles
147,1962,JPN,JPN,MAL,Men,400 m hurdles
148,1966,JPN,JPN,MAL,Men,400 m hurdles
149,1970,JPN,ROC,PAK,Men,400 m hurdles
150,1974,IRQ,KUW,IND,Men,400 m hurdles
151,1978,IRQ,JPN,IRQ,Men,400 m hurdles
152,1982,JPN,JPN,BRN,Men,400 m hurdles
153,1986,BRN,JPN,KUW,Men,400 m hurdles
154,1990,PAK,KOR,CHN,Men,400 m hurdles
155,1994,JPN,JPN,QAT,Men,400 m hurdles
156,1998,JPN,JPN,TPE,Men,400 m hurdles
157,2002,KSA,QAT,JPN,Men,400 m hurdles
158,2006,JPN,CHN,JPN,Men,400 m hurdles
159,2010,IND,KSA,JPN,Men,400 m hurdles
160,2014,BRN,JPN,CHN,Men,400 m hurdles
161,2018,QAT,IND,JPN,Men,400 m hurdles
162,1951,JPN,IRN,IND,Men,3000 m steeplechase
163,1954,JPN,JPN,IND,Men,3000 m steeplechase
164,1958,PAK,JPN,JPN,Men,3000 m steeplechase
165,1962,PAK,JPN,JPN,Men,3000 m steeplechase
166,1966,JPN,IRN,JPN,Men,3000 m steeplechase
167,1970,JPN,JPN,IND,Men,3000 m steeplechase
168,1974,JPN,IND,CHN,Men,3000 m steeplechase
169,1978,JPN,IND,JPN,Men,3000 m steeplechase
170,1982,JPN,IND,PHI,Men,3000 m steeplechase
171,1986,JPN,CHN,JPN,Men,3000 m steeplechase
172,1990,JPN,IND,CHN,Men,3000 m steeplechase
173,1994,CHN,KSA,JPN,Men,3000 m steeplechase
174,1998,JPN,IRI,IRI,Men,3000 m steeplechase
175,2002,QAT,JPN,,Men,3000 m steeplechase
176,2002,QAT,QAT,,Men,3000 m steeplechase
177,2006,BRN,QAT,CHN,Men,3000 m steeplechase
178,2010,BRN,QAT,KSA,Men,3000 m steeplechase
179,2014,QAT,BRN,IND,Men,3000 m steeplechase
180,2018,IRI,QAT,JPN,Men,3000 m steeplechase
181,1951,JPN,IND,PHI,Men,4 × 100 m relay
182,1954,JPN,PAK,PHI,Men,4 × 100 m relay
183,1958,PHI,JPN,PAK,Men,4 × 100 m relay
184,1962,PHI,JPN,MAL,Men,4 × 100 m relay
185,1966,MAL,INA,PHI,Men,4 × 100 m relay
186,1970,THA,JPN,IND,Men,4 × 100 m relay
187,1974,THA,CHN,SIN,Men,4 × 100 m relay
188,1978,THA,JPN,CHN,Men,4 × 100 m relay
189,1982,CHN,THA,JPN,Men,4 × 100 m relay
190,1986,CHN,JPN,KOR,Men,4 × 100 m relay
191,1990,CHN,TPE,JPN,Men,4 × 100 m relay
192,1994,JPN,CHN,QAT,Men,4 × 100 m relay
193,1998,JPN,THA,OMA,Men,4 × 100 m relay
194,2002,THA,JPN,CHN,Men,4 × 100 m relay
195,2006,THA,JPN,CHN,Men,4 × 100 m relay
196,2010,CHN,TPE,THA,Men,4 × 100 m relay
197,2014,CHN,JPN,HKG,Men,4 × 100 m relay
198,2018,JPN,INA,CHN,Men,4 × 100 m relay
199,1951,IND,JPN,PHI,Men,4 × 400 m relay
200,1954,JPN,IND,PHI,Men,4 × 400 m relay
201,1958,JPN,ROC,PHI,Men,4 × 400 m relay
202,1962,IND,MAL,JPN,Men,4 × 400 m relay
203,1966,JPN,MAL,SIN,Men,4 × 400 m relay
204,1970,JPN,IND,MAL,Men,4 × 400 m relay
205,1974,SRI,IND,IRN,Men,4 × 400 m relay
206,1978,JPN,IND,IRQ,Men,4 × 400 m relay
207,1982,JPN,IRQ,CHN,Men,4 × 400 m relay
208,1986,JPN,IRQ,PHI,Men,4 × 400 m relay
209,1990,JPN,QAT,CHN,Men,4 × 400 m relay
210,1994,KOR,THA,QAT,Men,4 × 400 m relay
211,1998,JPN,IND,KOR,Men,4 × 400 m relay
212,2002,KSA,IND,SRI,Men,4 × 400 m relay
213,2006,KSA,IND,SRI,Men,4 × 400 m relay
214,2010,KSA,JPN,CHN,Men,4 × 400 m relay
215,2014,JPN,KOR,KSA,Men,4 × 400 m relay
216,2018,QAT,IND,JPN,Men,4 × 400 m relay
217,1951,IND,JPN,IND,Men,Marathon
218,1958,KOR,BIR,JPN,Men,Marathon
219,1962,JPN,PAK,BIR,Men,Marathon
220,1966,JPN,JPN,KOR,Men,Marathon
221,1970,JPN,JPN,KOR,Men,Marathon
222,1978,JPN,PRK,PRK,Men,Marathon
223,1982,KOR,JPN,IND,Men,Marathon
224,1986,JPN,JPN,KOR,Men,Marathon
225,1990,KOR,JPN,PRK,Men,Marathon
226,1994,KOR,JPN,KOR,Men,Marathon
227,1998,KOR,JPN,PRK,Men,Marathon
228,2002,KOR,JPN,JPN,Men,Marathon
229,2006,QAT,BRN,JPN,Men,Marathon
230,2010,KOR,JPN,QAT,Men,Marathon
231,2014,BRN,JPN,JPN,Men,Marathon
232,2018,JPN,BRN,CHN,Men,Marathon
233,1951,IND,JPN,IND,Men,"10,000 m walk"
234,1978,IND,MAL,MAL,Men,20 km walk
235,1982,IND,CHN,CHN,Men,20 km walk
236,1986,CHN,CHN,IND,Men,20 km walk
237,1990,CHN,JPN,CHN,Men,20 km walk
238,1994,CHN,CHN,KAZ,Men,20 km walk
239,1998,CHN,KAZ,CHN,Men,20 km walk
240,2002,KAZ,CHN,JPN,Men,20 km walk
241,2006,CHN,KOR,JPN,Men,20 km walk
242,2010,CHN,CHN,KOR,Men,20 km walk
243,2014,CHN,JPN,KOR,Men,20 km walk
244,2018,CHN,JPN,CHN,Men,20 km walk
245,1951,IND,IND,JPN,Men,50 km walk
246,1982,CHN,CHN,JPN,Men,50 km walk
247,1990,CHN,CHN,JPN,Men,50 km walk
248,1994,KAZ,JPN,JPN,Men,50 km walk
249,1998,CHN,KAZ,JPN,Men,50 km walk
250,2010,CHN,CHN,JPN,Men,50 km walk
251,2014,JPN,KOR,CHN,Men,50 km walk
252,2018,JPN,CHN,KOR,Men,50 km walk
253,1951,PHI,JPN,INA,Men,High jump
254,1954,IND,JPN,PHI,Men,High jump
255,1958,CEY,JPN,JPN,Men,High jump
256,1962,JPN,CEY,PHI,Men,High jump
257,1966,IND,JPN,IRN,Men,High jump
258,1970,IRN,JPN,IND,Men,High jump
259,1974,IRN,CHN,JPN,Men,High jump
260,1978,JPN,JPN,CHN,Men,High jump
261,1982,CHN,CHN,JPN,Men,High jump
262,1986,CHN,CHN,JPN,Men,High jump
263,1990,CHN,CHN,JPN,Men,High jump
264,1990,CHN,CHN,KOR,Men,High jump
265,1990,CHN,CHN,QAT,Men,High jump
266,1990,CHN,CHN,TPE,Men,High jump
267,1994,JPN,KOR,CHN,Men,High jump
268,1998,KOR,CHN,JPN,Men,High jump
269,1998,KOR,CHN,MAS,Men,High jump
270,2002,KOR,CHN,,Men,High jump
271,2002,KOR,CHN,,Men,High jump
272,2002,KOR,KOR,,Men,High jump
273,2006,LIB,KAZ,JPN,Men,High jump
274,2010,QAT,JPN,CHN,Men,High jump
275,2010,QAT,JPN,KAZ,Men,High jump
276,2010,QAT,JPN,QAT,Men,High jump
277,2014,QAT,CHN,QAT,Men,High jump
278,2018,CHN,KOR,JPN,Men,High jump
279,2018,CHN,KOR,SYR,Men,High jump
280,1951,JPN,CEY,JPN,Men,Pole vault
281,1954,JPN,JPN,ROC,Men,Pole vault
282,1958,JPN,JPN,PAK,Men,Pole vault
283,1962,JPN,JPN,PAK,Men,Pole vault
284,1966,JPN,JPN,KOR,Men,Pole vault
285,1970,JPN,JPN,KOR,Men,Pole vault
286,1974,JPN,CHN,CHN,Men,Pole vault
287,1978,JPN,CHN,JPN,Men,Pole vault
288,1982,JPN,JPN,CHN,Men,Pole vault
289,1986,CHN,CHN,KOR,Men,Pole vault
290,1990,CHN,CHN,KOR,Men,Pole vault
291,1994,KAZ,KAZ,JPN,Men,Pole vault
292,1994,KAZ,KAZ,KOR,Men,Pole vault
293,1998,KAZ,KOR,JPN,Men,Pole vault
294,2002,KAZ,JPN,JPN,Men,Pole vault
295,2006,JPN,UZB,CHN,Men,Pole vault
296,2010,CHN,KOR,,Men,Pole vault
297,2010,CHN,UZB,,Men,Pole vault
298,2014,CHN,JPN,KOR,Men,Pole vault
299,2018,JPN,CHN,THA,Men,Pole vault
300,1951,JPN,IND,JPN,Men,Long jump
301,1954,JPN,JPN,ROC,Men,Long jump
302,1958,KOR,ROC,PAK,Men,Long jump
303,1962,JPN,JPN,INA,Men,Long jump
304,1966,JPN,JPN,ROC,Men,Long jump
305,1970,JPN,JPN,IND,Men,Long jump
306,1974,IND,JPN,IND,Men,Long jump
307,1978,IND,JPN,JPN,Men,Long jump
308,1982,KOR,CHN,JPN,Men,Long jump
309,1986,KOR,JPN,CHN,Men,Long jump
310,1990,CHN,CHN,TPE,Men,Long jump
311,1994,CHN,CHN,UZB,Men,Long jump
312,1998,JPN,CHN,QAT,Men,Long jump
313,2002,KSA,CHN,QAT,Men,Long jump
314,2006,KSA,KUW,KSA,Men,Long jump
315,2010,KOR,CHN,KSA,Men,Long jump
316,2014,CHN,KOR,CHN,Men,Long jump
317,2018,CHN,CHN,INA,Men,Long jump
318,1951,JPN,JPN,INA,Men,Triple jump
319,1954,JPN,JPN,KOR,Men,Triple jump
320,1958,IND,JPN,JPN,Men,Triple jump
321,1962,JPN,JPN,INA,Men,Triple jump
322,1966,JPN,JPN,IND,Men,Triple jump
323,1970,IND,IND,ROC,Men,Triple jump
324,1974,JPN,IND,IRN,Men,Triple jump
325,1978,JPN,CHN,CHN,Men,Triple jump
326,1982,CHN,JPN,IND,Men,Triple jump
327,1986,JPN,KOR,CHN,Men,Triple jump
328,1990,CHN,CHN,KOR,Men,Triple jump
329,1994,KAZ,JPN,KAZ,Men,Triple jump
330,1998,KAZ,CHN,THA,Men,Triple jump
331,2002,KSA,CHN,JPN,Men,Triple jump
332,2006,CHN,KAZ,KOR,Men,Triple jump
333,2010,CHN,KAZ,CHN,Men,Triple jump
334,2014,CHN,CHN,KOR,Men,Triple jump
335,2018,IND,UZB,CHN,Men,Triple jump
336,1951,IND,JPN,JPN,Men,Shot put
337,1954,IND,JPN,IND,Men,Shot put
338,1958,IND,JPN,ISR,Men,Shot put
339,1962,JPN,IND,IND,Men,Shot put
340,1966,IND,JPN,IRN,Men,Shot put
341,1970,IND,IRN,JPN,Men,Shot put
342,1974,IRN,IND,IND,Men,Shot put
343,1978,IND,CHN,KUW,Men,Shot put
344,1982,IND,KUW,IND,Men,Shot put
345,1986,CHN,CHN,JPN,Men,Shot put
346,1990,CHN,CHN,IND,Men,Shot put
347,1994,CHN,KAZ,CHN,Men,Shot put
348,1998,CHN,IND,KAZ,Men,Shot put
349,2002,IND,QAT,IND,Men,Shot put
350,2006,KSA,QAT,TPE,Men,Shot put
351,2010,KSA,CHN,TPE,Men,Shot put
352,2014,KSA,TPE,IND,Men,Shot put
353,2018,IND,CHN,KAZ,Men,Shot put
354,1951,IND,JPN,PHI,Men,Discus throw
355,1954,IND,ROC,ROC,Men,Discus throw
356,1958,IND,PAK,IND,Men,Discus throw
357,1962,JPN,IND,JPN,Men,Discus throw
358,1966,IND,IRN,IND,Men,Discus throw
359,1970,IND,IRN,JPN,Men,Discus throw
360,1974,IRN,IND,IRN,Men,Discus throw
361,1978,CHN,CHN,JPN,Men,Discus throw
362,1982,CHN,IND,CHN,Men,Discus throw
363,1986,CHN,JPN,IND,Men,Discus throw
364,1990,CHN,CHN,IRN,Men,Discus throw
365,1994,CHN,CHN,UZB,Men,Discus throw
366,1998,CHN,IND,CHN,Men,Discus throw
367,2002,CHN,IRI,IND,Men,Discus throw
368,2006,IRI,QAT,KSA,Men,Discus throw
369,2010,IRI,IRI,IND,Men,Discus throw
370,2014,IRI,IND,QAT,Men,Discus throw
371,2018,IRI,IRQ,KUW,Men,Discus throw
372,1951,JPN,IND,IND,Men,Hammer throw
373,1954,JPN,PAK,KOR,Men,Hammer throw
374,1958,PAK,JPN,PAK,Men,Hammer throw
375,1962,JPN,JPN,PAK,Men,Hammer throw
376,1966,JPN,JPN,IND,Men,Hammer throw
377,1970,JPN,JPN,PAK,Men,Hammer throw
378,1974,JPN,IND,PRK,Men,Hammer throw
379,1978,JPN,JPN,CHN,Men,Hammer throw
380,1982,JPN,JPN,CHN,Men,Hammer throw
381,1986,JPN,CHN,CHN,Men,Hammer throw
382,1990,CHN,CHN,JPN,Men,Hammer throw
383,1994,CHN,JPN,PAK,Men,Hammer throw
384,1998,JPN,UZB,KGZ,Men,Hammer throw
385,2002,JPN,JPN,CHN,Men,Hammer throw
386,2006,TJK,KUW,JPN,Men,Hammer throw
387,2010,TJK,IRI,JPN,Men,Hammer throw
388,2014,TJK,CHN,CHN,Men,Hammer throw
389,2018,QAT,TJK,UZB,Men,Hammer throw
390,1951,JPN,IND,INA,Men,Javelin throw
391,1954,PAK,PAK,JPN,Men,Javelin throw
392,1958,PAK,PAK,ISR,Men,Javelin throw
393,1962,JPN,PAK,JPN,Men,Javelin throw
394,1966,MAL,JPN,JPN,Men,Javelin throw
395,1970,JPN,KOR,MAL,Men,Javelin throw
396,1974,JPN,JPN,CHN,Men,Javelin throw
397,1978,CHN,JPN,CHN,Men,Javelin throw
398,1982,JPN,KOR,IND,Men,Javelin throw
399,1986,JPN,KOR,KOR,Men,Javelin throw
400,1990,JPN,KOR,JPN,Men,Javelin throw
401,1994,CHN,UZB,UZB,Men,Javelin throw
402,1998,UZB,CHN,CHN,Men,Javelin throw
403,2002,CHN,JPN,UZB,Men,Javelin throw
404,2006,KOR,JPN,CHN,Men,Javelin throw
405,2010,JPN,KOR,UZB,Men,Javelin throw
406,2014,CHN,JPN,UZB,Men,Javelin throw
407,2018,IND,CHN,PAK,Men,Javelin throw
408,1951,JPN,JPN,IND,Men,Decathlon
409,1954,ROC,JPN,IND,Men,Decathlon
410,1958,ROC,JPN,JPN,Men,Decathlon
411,1962,IND,JPN,MAL,Men,Decathlon
412,1966,ROC,JPN,JPN,Men,Decathlon
413,1970,JPN,IND,ROC,Men,Decathlon
414,1974,IND,JPN,IND,Men,Decathlon
415,1978,JPN,THA,CHN,Men,Decathlon
416,1982,CHN,CHN,QAT,Men,Decathlon
417,1986,CHN,JPN,KOR,Men,Decathlon
418,1990,JPN,TPE,CHN,Men,Decathlon
419,1994,UZB,UZB,JPN,Men,Decathlon
420,1998,UZB,UZB,JPN,Men,Decathlon
421,2002,CHN,KAZ,QAT,Men,Decathlon
422,2006,KAZ,UZB,KOR,Men,Decathlon
423,2010,KAZ,KOR,VIE,Men,Decathlon
424,2014,JPN,UZB,JPN,Men,Decathlon
425,2018,JPN,THA,JPN,Men,Decathlon
426,1951,JPN,IND,JPN,Women,100 m
427,1954,JPN,SIN,IND,Women,100 m
428,1958,PHI,JPN,JPN,Women,100 m
429,1962,PHI,JPN,JPN,Women,100 m
430,1966,JPN,JPN,ISR,Women,100 m
431,1970,ROC,JPN,INA,Women,100 m
432,1974,ISR,CHN,JPN,Women,100 m
433,1978,CHN,JPN,THA,Women,100 m
434,1982,PHI,IND,KOR,Women,100 m
435,1986,PHI,IND,THA,Women,100 m
436,1990,CHN,TPE,KOR,Women,100 m
437,1994,CHN,TPE,CHN,Women,100 m
438,1998,CHN,CHN,IND,Women,100 m
439,2002,SRI,UZB,CHN,Women,100 m
440,2006,UZB,SRI,BRN,Women,100 m
441,2010,JPN,UZB,VIE,Women,100 m
442,2014,CHN,JPN,KAZ,Women,100 m
443,2018,BRN,IND,CHN,Women,100 m
444,1951,JPN,SIN,IND,Women,200 m
445,1954,JPN,JPN,PHI,Women,200 m
446,1958,JPN,IND,JPN,Women,200 m
447,1962,PHI,JPN,CEY,Women,200 m
448,1966,ISR,JPN,JPN,Women,200 m
449,1970,JPN,PHI,INA,Women,200 m
450,1974,ISR,CHN,JPN,Women,200 m
451,1978,THA,KOR,JPN,Women,200 m
452,1982,JPN,IND,KOR,Women,200 m
453,1986,IND,PHI,KOR,Women,200 m
454,1990,CHN,TPE,CHN,Women,200 m
455,1994,TPE,SRI,SRI,Women,200 m
456,1998,SRI,CHN,CHN,Women,200 m
457,2002,IND,CHN,KAZ,Women,200 m
458,2006,BRN,UZB,SRI,Women,200 m
459,2010,JPN,VIE,UZB,Women,200 m
460,2014,KAZ,CHN,JPN,Women,200 m
461,2018,BRN,IND,CHN,Women,200 m
462,1966,MAL,KOR,JPN,Women,400 m
463,1970,IND,ISR,JPN,Women,400 m
464,1974,SIN,JPN,MAL,Women,400 m
465,1978,MAL,JPN,CHN,Women,400 m
466,1982,JPN,JPN,IND,Women,400 m
467,1986,IND,IND,JPN,Women,400 m
468,1990,CHN,IND,CHN,Women,400 m
469,1994,CHN,CHN,IND,Women,400 m
470,1998,SRI,CHN,KAZ,Women,400 m
471,2002,SRI,IND,KAZ,Women,400 m
472,2006,KAZ,IND,JPN,Women,400 m
473,2010,KAZ,JPN,KAZ,Women,400 m
474,2014,BRN,VIE,IND,Women,400 m
475,2018,BRN,IND,KAZ,Women,400 m
476,1962,JPN,JPN,INA,Women,800 m
477,1966,ISR,JPN,JPN,Women,800 m
478,1970,ISR,JPN,PHI,Women,800 m
479,1974,JPN,JPN,CHN,Women,800 m
480,1978,IND,PRK,PRK,Women,800 m
481,1982,PRK,IND,CHN,Women,800 m
482,1986,KOR,CHN,MAL,Women,800 m
483,1990,CHN,CHN,IND,Women,800 m
484,1994,CHN,CHN,IND,Women,800 m
485,1998,IND,IND,CHN,Women,800 m
486,2002,IND,IND,UZB,Women,800 m
487,2006,BRN,KAZ,UZB,Women,800 m
488,2010,KAZ,VIE,IND,Women,800 m
489,2014,KAZ,IND,CHN,Women,800 m
490,2018,CHN,KAZ,BRN,Women,800 m
491,1970,ISR,JPN,ROC,Women,1500 m
492,1974,CHN,CHN,ISR,Women,1500 m
493,1978,PRK,IND,PRK,Women,1500 m
494,1982,PRK,IND,PRK,Women,1500 m
495,1986,KOR,CHN,KOR,Women,1500 m
496,1990,CHN,CHN,MYA,Women,1500 m
497,1994,CHN,CHN,MYA,Women,1500 m
498,1998,IND,CHN,IND,Women,1500 m
499,2002,IND,KGZ,JPN,Women,1500 m
500,2006,BRN,JPN,IND,Women,1500 m
501,2010,BRN,VIE,BRN,Women,1500 m
502,2014,BRN,BRN,IND,Women,1500 m
503,2018,BRN,BRN,IND,Women,1500 m
504,1978,PRK,CHN,CHN,Women,3000 m
505,1982,PRK,PRK,JPN,Women,3000 m
506,1986,KOR,CHN,IND,Women,3000 m
507,1990,CHN,PRK,CHN,Women,3000 m
508,1994,CHN,JPN,CHN,Women,3000 m
509,1998,INA,IND,JPN,Women,5000 m
510,2002,CHN,JPN,IND,Women,5000 m
511,2006,CHN,JPN,IND,Women,5000 m
512,2010,BRN,IND,IND,Women,5000 m
513,2014,BRN,BRN,CHN,Women,5000 m
514,2018,BRN,KGZ,BRN,Women,5000 m
515,1986,CHN,JPN,CHN,Women,"10,000 m"
516,1990,CHN,CHN,JPN,Women,"10,000 m"
517,1994,CHN,CHN,JPN,Women,"10,000 m"
518,1998,JPN,CHN,JPN,Women,"10,000 m"
519,2002,CHN,JPN,CHN,Women,"10,000 m"
520,2006,JPN,BRN,JPN,Women,"10,000 m"
521,2010,IND,IND,BRN,Women,"10,000 m"
522,2014,UAE,CHN,JPN,Women,"10,000 m"
523,2018,KGZ,BRN,CHN,Women,"10,000 m"
524,1951,JPN,SIN,JPN,Women,100 m hurdles
525,1954,JPN,JPN,SIN,Women,100 m hurdles
526,1958,JPN,PHI,PHI,Women,100 m hurdles
527,1962,JPN,PHI,JPN,Women,100 m hurdles
528,1966,JPN,JPN,IND,Women,100 m hurdles
529,1970,ISR,JPN,ROC,Women,100 m hurdles
530,1974,ISR,JPN,JPN,Women,100 m hurdles
531,1978,CHN,JPN,CHN,Women,100 m hurdles
532,1982,JPN,JPN,CHN,Women,100 m hurdles
533,1986,CHN,JPN,JPN,Women,100 m hurdles
534,1990,CHN,CHN,JPN,Women,100 m hurdles
535,1994,KAZ,CHN,CHN,Women,100 m hurdles
536,1998,KAZ,CHN,SRI,Women,100 m hurdles
537,2002,CHN,CHN,THA,Women,100 m hurdles
538,2006,CHN,CHN,KOR,Women,100 m hurdles
539,2010,KOR,KAZ,CHN,Women,100 m hurdles
540,2014,CHN,CHN,JPN,Women,100 m hurdles
541,2018,KOR,INA,HKG,Women,100 m hurdles
542,1978,CHN,CHN,JPN,Women,400 m hurdles
543,1982,IND,JPN,CHN,Women,400 m hurdles
544,1986,IND,CHN,CHN,Women,400 m hurdles
545,1990,CHN,CHN,PHI,Women,400 m hurdles
546,1994,CHN,TPE,KAZ,Women,400 m hurdles
547,1998,KAZ,TPE,CHN,Women,400 m hurdles
548,2002,KAZ,CHN,CHN,Women,400 m hurdles
549,2006,CHN,JPN,MAS,Women,400 m hurdles
550,2010,IND,CHN,JPN,Women,400 m hurdles
551,2014,BRN,JPN,CHN,Women,400 m hurdles
552,2018,VIE,BRN,IND,Women,400 m hurdles
553,2010,IND,CHN,JPN,Women,3000 m steeplechase
554,2014,BRN,CHN,IND,Women,3000 m steeplechase
555,2018,BRN,IND,VIE,Women,3000 m steeplechase
556,1951,JPN,IND,INA,Women,4 × 100 m relay
557,1954,IND,JPN,PHI,Women,4 × 100 m relay
558,1958,JPN,PHI,IND,Women,4 × 100 m relay
559,1962,PHI,JPN,INA,Women,4 × 100 m relay
560,1966,JPN,ROC,MAL,Women,4 × 100 m relay
561,1970,JPN,SIN,ROC,Women,4 × 100 m relay
562,1974,JPN,CHN,SIN,Women,4 × 100 m relay
563,1978,THA,JPN,PHI,Women,4 × 100 m relay
564,1982,JPN,THA,KOR,Women,4 × 100 m relay
565,1986,CHN,THA,KOR,Women,4 × 100 m relay
566,1990,CHN,IND,THA,Women,4 × 100 m relay
567,1994,CHN,THA,JPN,Women,4 × 100 m relay
568,1998,CHN,UZB,THA,Women,4 × 100 m relay
569,2002,CHN,THA,UZB,Women,4 × 100 m relay
570,2006,CHN,JPN,TPE,Women,4 × 100 m relay
571,2010,THA,CHN,JPN,Women,4 × 100 m relay
572,2014,CHN,KAZ,JPN,Women,4 × 100 m relay
573,2018,BRN,CHN,KAZ,Women,4 × 100 m relay
574,1974,JPN,SIN,BIR,Women,4 × 400 m relay
575,1978,JPN,CHN,PRK,Women,4 × 400 m relay
576,1982,JPN,IND,CHN,Women,4 × 400 m relay
577,1986,IND,JPN,CHN,Women,4 × 400 m relay
578,1990,CHN,IND,MAL,Women,4 × 400 m relay
579,1994,CHN,IND,THA,Women,4 × 400 m relay
580,1998,CHN,IND,KAZ,Women,4 × 400 m relay
581,2002,IND,KAZ,CHN,Women,4 × 400 m relay
582,2006,IND,KAZ,CHN,Women,4 × 400 m relay
583,2010,IND,KAZ,CHN,Women,4 × 400 m relay
584,2014,IND,JPN,CHN,Women,4 × 400 m relay
585,2018,IND,BRN,VIE,Women,4 × 400 m relay
586,1986,JPN,JPN,CHN,Women,Marathon
587,1990,CHN,JPN,KOR,Women,Marathon
588,1994,CHN,CHN,JPN,Women,Marathon
589,1998,JPN,PRK,JPN,Women,Marathon
590,2002,PRK,JPN,JPN,Women,Marathon
591,2006,CHN,JPN,JPN,Women,Marathon
592,2010,CHN,CHN,PRK,Women,Marathon
593,2014,BRN,JPN,BRN,Women,Marathon
594,2018,BRN,JPN,PRK,Women,Marathon
595,1986,CHN,CHN,JPN,Women,"10,000 m walk"
596,1990,CHN,CHN,JPN,Women,"10,000 m walk"
597,1994,CHN,CHN,JPN,Women,"10,000 m walk"
598,1998,CHN,JPN,KAZ,Women,"10,000 m walk"
599,2002,CHN,CHN,KAZ,Women,20 km walk
600,2006,CHN,JPN,CHN,Women,20 km walk
601,2010,CHN,JPN,CHN,Women,20 km walk
602,2014,CHN,IND,KOR,Women,20 km walk
603,2018,CHN,CHN,JPN,Women,20 km walk
604,1951,JPN,JPN,IND,Women,High jump
605,1954,ISR,JPN,JPN,Women,High jump
606,1958,JPN,PHI,JPN,Women,High jump
607,1962,JPN,BIR,,Women,High jump
608,1962,JPN,THA,,Women,High jump
609,1966,JPN,PHI,SIN,Women,High jump
610,1970,JPN,JPN,PHI,Women,High jump
611,1974,ISR,JPN,CHN,Women,High jump
612,1978,CHN,JPN,CHN,Women,High jump
613,1982,CHN,JPN,CHN,Women,High jump
614,1986,JPN,CHN,KOR,Women,High jump
615,1990,JPN,CHN,,Women,High jump
616,1990,JPN,KOR,,Women,High jump
617,1994,UZB,KAZ,THA,Women,High jump
618,1998,JPN,CHN,KGZ,Women,High jump
619,2002,KGZ,IND,,Women,High jump
620,2002,KGZ,KAZ,,Women,High jump
621,2006,KAZ,CHN,,Women,High jump
622,2006,KAZ,KGZ,,Women,High jump
623,2010,UZB,UZB,CHN,Women,High jump
624,2010,UZB,UZB,KAZ,Women,High jump
625,2014,UZB,CHN,UZB,Women,High jump
626,2018,UZB,UZB,KAZ,Women,High jump
627,1998,CHN,JPN,CHN,Women,Pole vault
628,2002,CHN,JPN,CHN,Women,Pole vault
629,2006,CHN,MAS,CHN,Women,Pole vault
630,2006,CHN,MAS,JPN,Women,Pole vault
631,2010,CHN,CHN,JPN,Women,Pole vault
632,2014,CHN,JPN,KOR,Women,Pole vault
633,2018,CHN,THA,KOR,Women,Pole vault
634,1951,JPN,JPN,IND,Women,Long jump
635,1954,JPN,JPN,JPN,Women,Long jump
636,1958,PHI,JPN,ROC,Women,Long jump
637,1962,JPN,JPN,MAL,Women,Long jump
638,1966,ROC,JPN,IND,Women,Long jump
639,1970,JPN,ISR,JPN,Women,Long jump
640,1974,CHN,CHN,JPN,Women,Long jump
641,1978,CHN,IND,JPN,Women,Long jump
642,1982,CHN,IND,CHN,Women,Long jump
643,1986,CHN,CHN,JPN,Women,Long jump
644,1990,CHN,CHN,PRK,Women,Long jump
645,1994,CHN,CHN,PHI,Women,Long jump
646,1998,CHN,CHN,KAZ,Women,Long jump
647,2002,IND,JPN,KAZ,Women,Long jump
648,2006,JPN,IND,KAZ,Women,Long jump
649,2010,KOR,KAZ,UZB,Women,Long jump
650,2014,INA,VIE,CHN,Women,Long jump
651,2018,VIE,IND,CHN,Women,Long jump
652,1998,CHN,CHN,TKM,Women,Triple jump
653,2002,CHN,CHN,KAZ,Women,Triple jump
654,2006,CHN,UZB,CHN,Women,Triple jump
655,2010,KAZ,CHN,THA,Women,Triple jump
656,2014,KAZ,UZB,KAZ,Women,Triple jump
657,2018,KAZ,THA,VIE,Women,Triple jump
658,1951,JPN,JPN,IND,Women,Shot put
659,1954,JPN,JPN,JPN,Women,Shot put
660,1958,JPN,JPN,ROC,Women,Shot put
661,1962,JPN,JPN,PHI,Women,Shot put
662,1966,JPN,JPN,ROC,Women,Shot put
663,1970,KOR,JPN,JPN,Women,Shot put
664,1974,KOR,CHN,JPN,Women,Shot put
665,1978,CHN,CHN,JPN,Women,Shot put
666,1982,CHN,CHN,JPN,Women,Shot put
667,1986,CHN,CHN,JPN,Women,Shot put
668,1990,CHN,CHN,PRK,Women,Shot put
669,1994,CHN,CHN,THA,Women,Shot put
670,1998,CHN,CHN,THA,Women,Shot put
671,2002,CHN,KOR,THA,Women,Shot put
672,2006,CHN,CHN,TPE,Women,Shot put
673,2010,CHN,CHN,KOR,Women,Shot put
674,2014,CHN,IRI,CHN,Women,Shot put
675,2018,CHN,CHN,BRN,Women,Shot put
676,1951,JPN,JPN,INA,Women,Discus throw
677,1954,JPN,JPN,JPN,Women,Discus throw
678,1958,JPN,JPN,ROC,Women,Discus throw
679,1962,JPN,JPN,PHI,Women,Discus throw
680,1966,PHI,JPN,KOR,Women,Discus throw
681,1970,JPN,JPN,KOR,Women,Discus throw
682,1974,CHN,MGL,JPN,Women,Discus throw
683,1978,CHN,CHN,JPN,Women,Discus throw
684,1982,CHN,CHN,JPN,Women,Discus throw
685,1986,CHN,CHN,KOR,Women,Discus throw
686,1990,CHN,CHN,JPN,Women,Discus throw
687,1994,CHN,JPN,JPN,Women,Discus throw
688,1998,CHN,CHN,IND,Women,Discus throw
689,2002,IND,CHN,CHN,Women,Discus throw
690,2006,CHN,CHN,IND,Women,Discus throw
691,2010,CHN,CHN,IND,Women,Discus throw
692,2014,IND,CHN,CHN,Women,Discus throw
693,2018,CHN,CHN,IND,Women,Discus throw
694,2002,CHN,CHN,JPN,Women,Hammer throw
695,2006,CHN,CHN,JPN,Women,Hammer throw
696,2010,CHN,CHN,JPN,Women,Hammer throw
697,2014,CHN,CHN,IND,Women,Hammer throw
698,2018,CHN,CHN,JPN,Women,Hammer throw
699,1951,JPN,JPN,IND,Women,Javelin throw
700,1954,JPN,JPN,PHI,Women,Javelin throw
701,1958,JPN,IND,INA,Women,Javelin throw
702,1962,JPN,JPN,IND,Women,Javelin throw
703,1966,JPN,JPN,PHI,Women,Javelin throw
704,1970,JPN,JPN,KOR,Women,Javelin throw
705,1974,CHN,JPN,JPN,Women,Javelin throw
706,1978,CHN,JPN,CHN,Women,Javelin throw
707,1982,JPN,CHN,JPN,Women,Javelin throw
708,1986,CHN,JPN,KOR,Women,Javelin throw
709,1990,CHN,CHN,JPN,Women,Javelin throw
710,1994,UZB,KOR,CHN,Women,Javelin throw
711,1998,KOR,CHN,IND,Women,Javelin throw
712,2002,KOR,CHN,CHN,Women,Javelin throw
713,2006,THA,CHN,JPN,Women,Javelin throw
714,2010,JPN,CHN,CHN,Women,Javelin throw
715,2014,CHN,CHN,IND,Women,Javelin throw
716,2018,CHN,CHN,KOR,Women,Javelin throw
717,1966,JPN,ROC,PHI,Women,Heptathlon
718,1970,ISR,ROC,PHI,Women,Heptathlon
719,1974,JPN,CHN,CHN,Women,Heptathlon
720,1978,CHN,IND,CHN,Women,Heptathlon
721,1982,CHN,CHN,JPN,Women,Heptathlon
722,1986,CHN,CHN,KOR,Women,Heptathlon
723,1990,CHN,CHN,TPE,Women,Heptathlon
724,1994,SYR,CHN,TPE,Women,Heptathlon
725,1998,CHN,KAZ,TPE,Women,Heptathlon
726,2002,CHN,IND,IND,Women,Heptathlon
727,2006,KAZ,IND,IND,Women,Heptathlon
728,2010,UZB,JPN,IND,Women,Heptathlon
729,2014,UZB,CHN,UZB,Women,Heptathlon
730,2018,IND,CHN,JPN,Women,Heptathlon
731,2018,IND,KAZ,CHN,Mixed,4 × 400 m relay
